<?xml version="1.0" encoding="UTF-8"?>
<!DOCTYPE configuration>
<configuration>
	<timestamp key="timestamp" datePattern="yyyy-MM-dd"/>
	<appender name="STDOUT" class="ch.qos.logback.core.ConsoleAppender">
		<encoder>
			<charset>UTF-8</charset>
			<Pattern>%d{yyyyMMdd-HH:mm:ss} [%-5level] %logger[%method] -> %msg%n</Pattern>
		</encoder>
	</appender>
	<property name="LOG_DIR" value="D:/pgw-log" />
	<appender name="FILE"
		class="ch.qos.logback.core.rolling.RollingFileAppender">
		<file>${LOG_DIR}/parametros_Log.log</file>
		<append>true</append>
		<prudent>true</prudent>
		<encoder>
			<charset>UTF-8</charset>
			<Pattern>%d{yyyyMMdd-HH:mm:ss} [%-5level] %logger[%method] -> %msg%n</Pattern>
		</encoder>
		<rollingPolicy class="ch.qos.logback.core.rolling.TimeBasedRollingPolicy">
			<fileNamePattern>${LOG_DIR}/parametros_Log_%d{yyyyMMdd}.log</fileNamePattern>
			<maxHistory>60</maxHistory>
		</rollingPolicy>
	</appender>
	<logger name="deng" level="DEBUG" />
	<root level="INFO">
		<appender-ref ref="STDOUT" />
		<appender-ref ref="FILE" />
	</root>
</configuration>