<?xml version="1.0" encoding="UTF-8"?>
<!DOCTYPE configuration>
<configuration>  
  <turboFilter class="co.com.ath.pgw.core.logging.util.security.LogginSensitiveDataFilter"></turboFilter>

	<appender name="STDOUT" class="ch.qos.logback.core.ConsoleAppender">
		<encoder>
			<charset>UTF-8</charset>
			<Pattern>%d{yyyyMMdd-HH:mm:ss} [%-5level] %logger[%method] -> %msg%n</Pattern>
		</encoder>
	</appender>

  <appender name="FILE" class="ch.qos.logback.core.rolling.RollingFileAppender">
    <file>D:\pgw-log\pgw_log_agreement.log</file>
    
    <append>true</append>
    <prudent>false</prudent>
        
    <rollingPolicy class="ch.qos.logback.core.rolling.SizeAndTimeBasedRollingPolicy">
      <fileNamePattern>D:\pgw-log\pgw_log_agreement_%d{yyyyMMdd}_%i.log</fileNamePattern>
       <maxFileSize>10000KB</maxFileSize>    
       <maxHistory>60</maxHistory>
    </rollingPolicy>
   	<encoder>
		<charset>UTF-8</charset>
		<Pattern>%d{yyyyMMdd-HH:mm:ss} [%-5level] %logger[%method] -> %msg%n</Pattern>
	</encoder>
  </appender>

  <logger name="deng" level="DEBUG" />
	
	<root level="INFO">	
		<appender-ref ref="STDOUT" />
		<appender-ref ref="FILE" />
	</root>
</configuration>